@atlaskit/smart-card,npm
@atlaskit/link-datasource,npm
@atlaskit/profilecard,npm
@atlaskit/give-kudos,npm
@atlaskit/media-card,npm
@atlaskit/media-ui,npm
@atlaskit/jql-editor,npm
@atlaskit/link-create,npm
@atlaskit/media-viewer,npm
@atlaskit/media-filmstrip,npm
@atlaskit/linking-types,npm
@atlaskit/renderer,npm
@atlaskit/editor-plugin-table,npm
@atlaskit/logo,npm
@atlaskit/editor-plugins,npm
@atlaskit/reactions,npm
@atlaskit/emoji,npm
@atlaskit/modal-dialog,npm
@atlaskit/editor-plugin-breakout,npm
@atlaskit/share,npm
@atlaskit/theme,npm
@atlaskit/contextual-survey,npm
@atlaskit/editor-plugin-synced-block,npm
@atlaskit/editor-plugin-block-controls,npm
@atlaskit/editor-plugin-selection-marker,npm
@atlaskit/radio,npm
@atlaskit/tooltip,npm
@atlaskit/editor-plugin-mentions,npm
@atlaskit/textarea,npm
@atlaskit/button,npm
@atlaskit/range,npm
@atlaskit/select,npm
@atlaskit/flag,npm
@atlaskit/portal,npm
@atlaskit/inline-message,npm
@atlaskit/dropdown-menu,npm
@atlaskit/drawer,npm
@atlaskit/blanket,npm
@atlaskit/panel,npm
@atlaskit/mobile-header,npm
@atlaskit/docs,npm
@atlaskit/editor-common,npm
@atlaskit/react-ufo,npm
@atlaskit/adf-schema,npm
@atlaskit/editor-plugin-type-ahead,npm
@atlaskit/tmp-editor-statsig,npm
@atlaskit/editor-plugin-panel,npm
@atlaskit/editor-plugin-local-id,npm
@atlaskit/eslint-plugin-design-system,npm
@atlaskit/teams-app-internal-analytics,npm
@atlassian/mcp-compressor,npm
@atlaskit/link-client-extension,npm
@atlaskit/json-ld-types,npm
@atlaskit/eslint-plugin-platform,npm
@atlaskit/eslint-plugin-ui-styling-standard,npm
@atlaskit/editor-synced-block-provider,npm
@atlaskit/eslint-utils,npm
@atlaskit/ufo-experience-key,npm
@atlaskit/link-picker,npm
@atlaskit/link-test-helpers,npm
@atlaskit/media-file-preview,npm
@atlaskit/editor-core,npm
@atlaskit/editor-plugin-layout,npm
@atlaskit/util-service-support,npm
@atlaskit/collab-provider,npm
@atlaskit/editor-plugin-ufo,npm
@atlaskit/afm-i18n-platform-ai-mate-rovo-agent-components,npm
@atlaskit/afm-i18n-platform-bitbucket-panel,npm
@atlaskit/afm-i18n-platform-editor-editor-common,npm
@atlaskit/afm-i18n-platform-editor-editor-core,npm
@atlaskit/afm-i18n-platform-editor-renderer,npm
@atlaskit/afm-i18n-platform-elements-anonymous-assets,npm
@atlaskit/afm-i18n-platform-elements-emoji,npm
@atlaskit/afm-i18n-platform-elements-mention,npm
@atlaskit/afm-i18n-platform-elements-reactions,npm
@atlaskit/afm-i18n-platform-elements-share,npm
@atlaskit/afm-i18n-platform-elements-status,npm
@atlaskit/afm-i18n-platform-elements-task-decision,npm
@atlaskit/afm-i18n-platform-elements-user-picker,npm
@atlaskit/afm-i18n-platform-jql-jql-editor,npm
@atlaskit/afm-i18n-platform-linking-platform-link-create,npm
@atlaskit/afm-i18n-platform-linking-platform-link-datasource,npm
@atlaskit/afm-i18n-platform-linking-platform-link-picker,npm
@atlaskit/afm-i18n-platform-linking-platform-smart-card,npm
@atlaskit/afm-i18n-platform-media-media-ui,npm
@atlaskit/afm-i18n-platform-people-and-teams-focused-task-close-account,npm
@atlaskit/afm-i18n-platform-people-and-teams-profilecard,npm
@atlaskit/afm-i18n-platform-people-and-teams-teams-public,npm
@atlaskit/afm-i18n-platform-smart-experiences-smart-hooks,npm
@atlaskit/afm-i18n-platform-smart-experiences-smart-user-picker,npm
@atlaskit/afm-i18n-platform-team-central-give-kudos,npm
@atlaskit/afm-i18n-platform-web-platform-feedback-collector,npm
@atlaskit/editor-toolbar,npm
@atlaskit/editor-plugin-block-menu,npm
@atlaskit/avatar,npm
@atlaskit/adf-utils,npm
@atlaskit/editor-plugin-code-block,npm
@atlaskit/forge-react-types,npm
@atlaskit/editor-plugin-block-type,npm
@atlaskit/editor-plugin-selection-toolbar,npm
@atlaskit/editor-plugin-placeholder,npm
@atlaskit/editor-plugin-media,npm
@atlaskit/editor-plugin-quick-insert,npm
@atlaskit/editor-plugin-primary-toolbar,npm
@atlaskit/editor-plugin-paste,npm
@atlaskit/editor-plugin-insert-block,npm
@atlaskit/editor-plugin-selection,npm
@atlaskit/editor-plugin-hyperlink,npm
@atlaskit/editor-plugin-user-preferences,npm
@atlaskit/editor-plugin-highlight,npm
@atlaskit/editor-plugin-toolbar-lists-indentation,npm
@atlaskit/editor-plugin-track-changes,npm
@atlaskit/editor-plugin-floating-toolbar,npm
@atlaskit/editor-plugin-help-dialog,npm
@atlaskit/editor-tables,npm
@atlaskit/editor-plugin-tasks-and-decisions,npm
@atlaskit/editor-plugin-list,npm
@atlaskit/status,npm
@atlaskit/editor-plugin-find-replace,npm
@atlaskit/task-decision,npm
@atlaskit/editor-plugin-toolbar,npm
@atlaskit/editor-plugin-paste-options-toolbar,npm
@atlaskit/insm,npm
@atlaskit/editor-plugin-selection-extension,npm
@atlaskit/node-data-provider,npm
@atlaskit/editor-extension-dropbox,npm
@atlaskit/prosemirror-input-rules,npm
@atlaskit/editor-presets,npm
@atlaskit/editor-plugin-grid,npm
@atlaskit/editor-toolbar-model,npm
@atlaskit/prosemirror-collab,npm
@atlaskit/editor-plugin-show-diff,npm
@atlaskit/editor-shared-styles,npm
@atlaskit/editor-plugin-text-color,npm
@atlaskit/editor-ssr-renderer,npm
@atlaskit/editor-plugin-text-formatting,npm
@atlaskit/editor-plugin-undo-redo,npm
@atlaskit/editor-plugin-card,npm
@atlaskit/editor-plugin-limited-mode,npm
@atlaskit/editor-plugin-decorations,npm
@atlaskit/editor-plugin-status,npm
@atlaskit/editor-plugin-extension,npm
@atlaskit/editor-plugin-metrics,npm
@atlaskit/editor-plugin-expand,npm
@atlaskit/editor-plugin-emoji,npm
@atlaskit/editor-plugin-alignment,npm
@atlaskit/editor-plugin-editor-viewmode-effects,npm
@atlaskit/editor-plugin-code-block-advanced,npm
@atlaskit/editor-plugin-date,npm
@atlaskit/editor-plugin-collab-edit,npm
@atlaskit/editor-plugin-copy-button,npm
@atlaskit/editor-plugin-base,npm
@atlaskit/editor-plugin-code-bidi-warning,npm
@atlaskit/editor-plugin-annotation,npm
@atlaskit/editor-plugin-caption,npm
@atlaskit/editor-plugin-analytics,npm
@atlaskit/editor-plugin-accessibility-utils,npm
@atlaskit/editor-card-provider,npm
@atlaskit/section-message,npm
@atlaskit/spotlight,npm
@atlaskit/top-layer,npm
@atlaskit/datetime-picker,npm
@atlaskit/avatar-group,npm
@atlaskit/popup,npm
@atlaskit/inline-dialog,npm
@atlaskit/rovo-triggers,npm
@atlaskit/smart-user-picker,npm
@atlaskit/jql-ast,npm
@atlassian/adg-server-iconfont,npm
@atlaskit/smart-hooks,npm
@atlaskit/dependency-version-analytics,npm
@atlaskit/util-data-test,npm
@atlaskit/link-analytics,npm
@atlaskit/codemod-utils,npm
@atlaskit/embedded-confluence,npm
@atlaskit/analytics-cross-product,npm
@atlaskit/frontend-utilities,npm
@atlaskit/browser-apis,npm
@atlaskit/anonymous-assets,npm
@atlaskit/pubsub,npm
@atlaskit/mention,npm
@atlaskit/date,npm
@atlaskit/pragmatic-drag-and-drop-react-beautiful-dnd-migration,npm
@atlaskit/pragmatic-drag-and-drop-react-drop-indicator,npm
@atlaskit/pragmatic-drag-and-drop-react-accessibility,npm
@atlaskit/platform-feature-flags-react,npm
@atlaskit/people-teams-ui-public,npm
@atlaskit/user-picker,npm
@atlaskit/media-document-viewer,npm
@atlaskit/intl-messages-provider,npm
@atlaskit/motion,npm
@atlaskit/app-provider,npm
@atlaskit/rovo-agent-components,npm
@atlaskit/help-article,npm
@atlaskit/editor-synced-block-renderer,npm
@atlaskit/embedded-document,npm
@atlaskit/conversation,npm
@atlaskit/feedback-collector,npm
@atlaskit/teams-client,npm
@atlaskit/teams-public,npm
@atlaskit/focused-task-close-account,npm
@atlaskit/side-nav-items,npm
@atlaskit/native-embeds-common,npm
@atlaskit/media-test-helpers,npm
@atlaskit/media-avatar-picker,npm
@atlaskit/icon-file-type,npm
@atlaskit/media-picker,npm
@atlaskit/media-table,npm
@atlaskit/media-core,npm
@atlaskit/feature-gate-js-client,npm
@atlaskit/ads-mcp,npm
@atlaskit/help,npm
@atlaskit/color-picker,npm
@atlaskit/help-layout,npm
@atlaskit/quiz-widget,npm
@atlaskit/editor-plugin-media-editing,npm
@atlaskit/editor-plugin-placeholder-text,npm
@atlaskit/editor-plugin-media-insert,npm
@atlaskit/editor-plugin-loom,npm
@atlaskit/lozenge,npm
@atlaskit/tag,npm
@atlaskit/inline-edit,npm
@atlaskit/editor-plugin-avatar-group,npm
@atlaskit/navigation-system,npm
@atlaskit/table,npm
@atlaskit/table-tree,npm
@atlaskit/react-select,npm
@atlaskit/rating,npm
@atlaskit/object,npm
@atlaskit/icon,npm
@atlaskit/side-navigation,npm
@atlaskit/toggle,npm
@atlaskit/icon-lab,npm
@atlaskit/page-layout,npm
@atlaskit/icon-object,npm
@atlaskit/pagination,npm
@atlaskit/dynamic-table,npm
@atlaskit/codemod-cli,npm
@atlaskit/form,npm
@atlaskit/atlassian-navigation,npm
@atlaskit/comment,npm
@atlaskit/calendar,npm
@atlaskit/editor-markdown-transformer,npm
@atlaskit/notification-indicator,npm
@atlaskit/link-extractors,npm
@atlaskit/adf-schema-generator,npm
@atlaskit/media-client,npm
@atlaskit/notification-log-client,npm
@atlaskit/townsquare-emoji-provider,npm
@atlaskit/editor-palette,npm
@atlaskit/editor-performance-metrics,npm
@atlaskit/editor-plugin-autocomplete,npm
@atlaskit/editor-json-transformer,npm
@atlaskit/custom-steps,npm
@atlaskit/activity-provider,npm
@atlaskit/analytics-next,npm
@atlaskit/analytics-listeners,npm
@atlaskit/analytics-namespaced-context,npm
@atlaskit/analytics,npm
@atlaskit/editor-plugin-connectivity,npm
@atlaskit/editor-plugin-content-format,npm
@atlaskit/editor-plugin-composition,npm
@atlaskit/editor-plugin-clipboard,npm
@atlaskit/editor-plugin-border,npm
@atlaskit/editor-plugin-before-primary-toolbar,npm
@atlaskit/editor-plugin-clear-marks-on-empty-doc,npm
@atlaskit/editor-plugin-better-type-history,npm
@atlaskit/editor-plugin-batch-attribute-updates,npm
@atlaskit/media-common,npm
@atlaskit/email-renderer,npm
@atlaskit/editor-ui-control-model,npm
@atlaskit/rovo-agent-analytics,npm
@atlaskit/teams-app-internal-product-permissions,npm
@atlaskit/teams-avatar,npm
@atlassian-pi/jira-pi-client,npm
@atlassian-pi/jira-metaui-client,npm
@atlassian-pi/jira-metaui-transformer,npm
@atlassian-pi/jira-pi-meta-models,npm
@atlaskit/editor-plugin-ui-control-registry,npm
@atlaskit/editor-plugin-user-intent,npm
@atlaskit/editor-plugin-width,npm
@atlaskit/editor-plugin-unsupported-content,npm
@atlaskit/editor-plugin-submit-editor,npm
@atlaskit/jql-editor-autocomplete-rest,npm
@atlaskit/feature-gate-polling-provider,npm
@atlaskit/feature-gate-single-fetch-provider,npm
@atlaskit/atlassian-context,npm
@atlaskit/smart-common,npm
@atlaskit/rovo-agent-selector,npm
@atlaskit/config-common-libs,npm
@atlaskit/teams-app-config,npm
@atlaskit/jql-editor-common,npm
@atlaskit/jql-autocomplete,npm
@atlaskit/media-client-react,npm
@atlaskit/web-config-client,npm
@atlaskit/feature-gate-fetcher,npm
@atlaskit/jql-parser,npm
@atlaskit/right-side-panel,npm
@atlaskit/ufo,npm
@atlaskit/editor-plugin-save-on-enter,npm
@atlaskit/editor-plugin-max-content-size,npm
@atlaskit/editor-plugin-scroll-into-view,npm
@atlaskit/editor-plugin-rule,npm
@atlaskit/editor-plugin-interaction,npm
@atlaskit/editor-plugin-history,npm
@atlaskit/editor-plugin-image-upload,npm
@atlaskit/editor-plugin-focus,npm
@atlaskit/editor-plugin-indentation,npm
@atlaskit/editor-plugin-fragment,npm
@atlaskit/editor-plugin-guideline,npm
@atlaskit/editor-plugin-feature-flags,npm
@atlaskit/editor-plugin-editor-viewmode,npm
@atlaskit/editor-plugin-feedback-dialog,npm
@atlaskit/editor-plugin-context-panel,npm
@atlaskit/editor-plugin-editor-disabled,npm
@atlaskit/editor-plugin-data-consumer,npm
@atlaskit/editor-plugin-custom-autoformat,npm
@atlaskit/editor-plugin-context-identifier,npm
@atlaskit/editor-plugin-content-insertion,npm
@atlassian/aui,npm
@atlaskit/teams-app-internal-popup-adaptor,npm
@atlassian/json-schema-diff,npm
@atlassian/i18n-properties-loader,npm
@atlassian/wrm-react-i18n,npm
@atlassian/wrm-troubleshooting,npm
@atlassian/atlaskit-feature-flags-mock,npm
@atlassian/webresource-webpack-plugin,npm
@atlassian/atlaskit-theme-excluded-webpack-plugin,npm
@atlaskit/link-provider,npm
@atlassian/jasmine-http-server-spy,npm
@atlaskit/media-svg,npm
@atlaskit/media-image,npm
@atlassian/johnson,npm
@atlaskit/tokens,npm
@atlassian/atlassian-connect-js,npm
@atlaskit/onboarding,npm
@atlaskit/primitives,npm
@atlaskit/code,npm
@atlaskit/breadcrumbs,npm
@atlaskit/feature-flag-client,npm
@atlaskit/page,npm
@atlaskit/visually-hidden,npm
@atlaskit/teams-app-internal-navigation,npm
@atlassian/atlassian-connect-express,npm
@atlaskit/tile,npm
@atlaskit/banner,npm
@atlaskit/tag-group,npm
@atlaskit/page-header,npm
@atlassian/json-schema-spec-types,npm
@atlaskit/linking-common,npm
@atlaskit/audit-logs-export,npm
@atlaskit/audit-log-tabs,npm
@atlaskit/media-test-data,npm
@atlaskit/media-state,npm
@atlaskit/chunkinator,npm
@atlassian-dc-mcp/jira,npm
@atlassian-dc-mcp/bitbucket,npm
@atlassian-dc-mcp/confluence,npm
@atlassian-dc-mcp/common,npm
@atlaskit/pragmatic-drag-and-drop-flourish,npm
@atlassian/amd-conversion-analyser,npm
@atlaskit/charlie-hierarchy,npm
@atlaskit/editor-bitbucket-transformer,npm
@atlaskit/pragmatic-drag-and-drop-docs,npm
@atlaskit/pragmatic-drag-and-drop,npm
@atlaskit/layering,npm
@atlaskit/editor-wikimarkup-transformer,npm
@atlaskit/editor-extension-googledrive,npm
@atlaskit/editor-element-browser,npm
@atlaskit/editor-smart-link-draggable,npm
@atlaskit/editor-mention-types,npm
@atlaskit/editor-plugin-engagement-platform,npm
@atlaskit/editor-confluence-transformer,npm
@atlaskit/editor-jira-transformer,npm
@atlaskit/empty-state,npm
@atlaskit/menu,npm
@atlaskit/tabs,npm
@atlaskit/badge,npm
@atlassian/relay-compiler,npm
@atlaskit/locale,npm
@atlaskit/grid,npm
@atlaskit/focus-ring,npm
@atlaskit/width-detector,npm
@atlaskit/popper,npm
@atlaskit/progress-bar,npm
@atlassian/relay-test-utils-internal,npm
@atlassian/relay-runtime,npm
@atlassian/relay-test-utils,npm
@atlassian/react-relay,npm
@atlassian/babel-plugin-relay,npm
@atlaskit/eslint-plugin-volt-strict-mode,npm
@atlassian/unstoppable-mockery,npm
@atlaskit/ds-explorations,npm
@atlaskit/quick-search,npm
@atlaskit/eslint-plugin-editor,npm
@atlaskit/storybook-addon-design-system,npm
@atlaskit/textfield,npm
@atlaskit/stylelint-design-system,npm
@atlaskit/spinner,npm
@atlaskit/skeleton,npm
@atlaskit/progress-tracker,npm
@atlaskit/progress-indicator,npm
@atlaskit/link,npm
@atlaskit/image,npm
@atlaskit/heading,npm
@atlaskit/css-reset,npm
@atlaskit/checkbox,npm
@atlaskit/css,npm
@atlaskit/reduced-ui-pack,npm
@atlaskit/ds-lib,npm
@atlassian/date-time,npm
@atlaskit/pragmatic-drag-and-drop-live-region,npm
@atlaskit/editor-slack-transformer,npm
@atlassianintegrations/polaris-forge-object-resolver,npm
@atlaskit/json-schema-generator,npm
@atlassian/jquery-eslint-runner,npm
@atlaskit/prosemirror-history,npm
@atlaskit/simple-xdm,npm
@atlaskit/editor-plugin-native-embeds,npm
@atlassian-pi/jira-pi-common-models,npm
@atlassian-pi/pi-client-common,npm
@atlassian/clientside-extensions-webpack-plugin,npm
@atlassian/clientside-extensions-components,npm
@atlassian/clientside-extensions-schema,npm
@atlassian/clientside-extensions-registry,npm
@atlassian/clientside-extensions-debug,npm
@atlassian/clientside-extensions,npm
@atlassian/clientside-extensions-docs,npm
@atlassian/clientside-extensions-base,npm
@atlassian/fancy-file-input,npm
@atlaskit/editor-plugin-ai-suggestions,npm
@atlaskit/editor-prosemirror,npm
@atlassian/webresource-vite-plugin,npm
@atlaskit/pragmatic-drag-and-drop-auto-scroll,npm
@atlaskit/platform-feature-flags,npm
@atlaskit/pragmatic-drag-and-drop-react-beautiful-dnd-autoscroll,npm
@atlassian/eslint-plugin-wrm-i18n,npm
@atlaskit/legacy-custom-icons,npm
better-ajv-errors,npm
@atlaskit/editor-plugin-ncs-step-metrics,npm
@atlaskit/editor-synced-block-editor,npm
@atlaskit/audit-log-events-query-controller,npm
@atlassian/danger-plugin-atlassian,npm
@atlassianlabs/jira-metaui-client,npm
@atlassianlabs/jira-metaui-transformer,npm
@atlassianlabs/jira-pi-client,npm
@atlassianlabs/jira-pi-meta-models,npm
@atlassianlabs/jira-pi-common-models,npm
@atlassianlabs/pi-client-common,npm
@atlaskit/panel-system,npm
@atlassian/forge-graphql-types,npm
@atlassian/forge-graphql,npm
@atlassian/forge-conditions,npm
@atlaskit/editor-plugin-synced-block-prototype,npm
@atlassian/atlassian-plugins-react,npm
@atlaskit/temp-nav-app-icons,npm
@atlaskit/atlassian-notifications,npm
@atlassian/soy-template-plugin-js,npm
@atlassian/soy-loader,npm
@atlassian/simple-xdm,npm
@atlaskit/interaction-context,npm
@atlaskit/analytics-viewer,npm
@atlassian/oas3-chow-chow,npm
@atlassian/koa-oas3,npm
@atlaskit/audit-logs-filters,npm
@atlassian/brand-logos,npm
@atlaskit/dummy-pkg-a,npm
@atlassian/atlassian-oauth2,npm
@atlassianlabs/guipi-jira-components,npm
@atlassianlabs/guipi-core-components,npm
@atlassianlabs/vscextension-mui-theme,npm
@atlassianlabs/guipi-core-controller,npm
@atlaskit/pragmatic-drag-and-drop-unit-testing,npm
@atlaskit/analytics-gas-types,npm
@atlassian/atlas-connect,npm
@atlaskit/audit-logs-side-panel,npm
@atlaskit/audit-logs-table,npm
@atlaskit/smart-creation,npm
@atlassian/atlassian-jwt,npm
@atlassian/atlassian-openapi,npm
@atlaskit/auto-upgrade-not-a-trial,npm
@forge/ui-jira,npm
@forge/ui-confluence,npm
@forge/ui,npm
@forge/babel-plugin-transform-ui,npm
@atlassian/gulp-parable,npm
@atlassian/karma-parable-preprocessor,npm
@atlassian/parable,npm
@atlassian/connect-to-forge,npm
@atlassian/atlassian-connect-validator,npm
@atlaskit/pragmatic-drag-and-drop-hitbox,npm
@atlaskit/ai-snippets,npm
@vadymserheiev/react-beautiful-dnd-no-scroll,npm
@vadymserheiev/react-beautiful-dnd,npm
atlassian-webresource-webpack-plugin,npm
atlassian-connect-js,npm
simple-xdm,npm
@zeroedin-react/react-beautiful-dnd,npm
@atlaskit/tree,npm
breno-sapiens-dnd,npm
breno-sapiens-team-react-beautiful-dnd,npm
tapflow-react-beautiful-dnd2,npm
tapflow-react-beautiful-dnd,npm
@atlassian/graphql-toolkit,npm
@atlaskit/report-error,npm
atlassian-connect-express,npm
oas3-chow-chow,npm
@atlaskit/editor-plugin-context-menu,npm
@truemajner/react-beautiful-dnd-no-scroll,npm
@atlassian/atlas-fe-typescript,npm
@atlassian/atlas-fe-react,npm
@atlassian/atlas-fe-clientside-extensions,npm
@atlassian/atlas-fe,npm
@atlassian/eslint-config-atlas-fe,npm
@nazif-atlas/test,npm
@atlaskit/ufo-interaction-ignore,npm
@engineerforce/react-beautiful-dnd,npm
@atlaskit/ufo-feature-flags-accessed,npm
@atlaskit/legacy-mobile-macros,npm
@atlaskit/dummy-pkg-b,npm
@atlaskit/react-experiment-framework,npm
@atlaskit/editor-plugin-background-color,npm
@atlaskit/editor-mobile-bridge,npm
@atlaskit/editor-nodeview-data-provider,npm
@atlassian-partner-engineering/eslint-config,npm
@seastan/react-beautiful-dnd,npm
@atlaskit/prs-locale-mapper,npm
prosemirror-utils,npm
@atlassian/browserslist-config-server,npm
eslint-plugin-atlassian-wrm-i18n,npm
@atlaskit/outbound-auth-flow-client,npm
@atlaskit/eslint-plugin-no-lookahead-lookbehind-regexp,npm
@atlaskit/code-insights,npm
@atlaskit/in-product-testing-sample,npm
@atlaskit/in-product-testing,npm
@atlassian/stylelint-config-jira-fecq,npm
@atlassian/eslint-config-jira-fecq,npm
@atlassian/eslint-plugin-jira-event-checks,npm
@atlassian/eslint-plugin-onready-checks,npm
@atlassian/eslint-plugin-module-checks,npm
@atlassian/eslint-plugin-wrm-async,npm
httplease,npm
@atlassian/sentry-transport-forge,npm
@atlaskit/pragmatic-drag-and-drop-react-indicator,npm
atlassian-jwt,npm
@kanaries/react-beautiful-dnd,npm
@nurba94/react-beautiful-dnd-custom-nurba,npm
@atlaskit/schema-backwards-compatibility-tests,npm
@atlaskit/updater-cli,npm
@atlaskit/field-base,npm
@atlaskit/enforce-peer-dependencies,npm
@akojic27/react-beautiful-dnd,npm
@atlassianlabs/jql-editor-autocomplete-rest,npm
@atlassianlabs/jql-editor,npm
@atlassianlabs/jql-editor-common,npm
@atlassianlabs/jql-autocomplete,npm
@atlassianlabs/jql-ast,npm
@atlassianlabs/jql-parser,npm
atlas-connect,npm
@atlaskit/pragmatic-drag-and-drop-autoscroll,npm
@atlaskit/item,npm
@atlassianlabs/jql-editor-forge,npm
@atlassianlabs/jql-editor-connect,npm
@atlaskit/commerce-react,npm
@atlaskit/input,npm
@atlaskit/drag-and-drop-docs,npm
@atlaskit/drag-and-drop-indicator,npm
@atlaskit/drag-and-drop-hitbox,npm
@atlaskit/drag-and-drop,npm
@atlaskit/drag-and-drop-autoscroll,npm
@atlaskit/layer,npm
@raisesistemas/react-beautiful-dnd,npm
react-beautiful-dnd-mobile-patch,npm
@atlaskit/link-create-presets,npm
@atlaskit/surface-analytics,npm
@hoory/react-beautiful-dnd,npm
@jahez-js/react-beautiful-dnd-forked,npm
@atlaskit/droplist,npm
@atlaskit/drag-and-drop-live-region,npm
httplease-asap,npm
@krishna2323/react-beautiful-dnd,npm
@armennalbandyan22/react-beautiful-dnd,npm
@atlaskit/container-picker,npm
extract-react-types,npm
@atlaskit/media-editor,npm
@rollstack/react-beautiful-dnd,npm
@paperform/react-beautiful-dnd,npm
ledger-react-beautiful-dnd,npm
@atlaskit/drag-and-drop-beautiful-autoscroll,npm
@atlaskit/icon-priority,npm
@riscarrott/react-beautiful-dnd,npm
atlassian-oauth2,npm
@breeze2/react-beautiful-dnd,npm
httplease-retry,npm
@kitemaker/react-beautiful-dnd,npm
@atlaskit/navigation-next,npm
@beyond-labs/react-beautiful-dnd,npm
atlasboard,npm
@atlaskit/forge-consent,npm
ae-react-dnd,npm
browser-interaction-time,npm
@atlaskit/babel-plugin-tokens,npm
@rr-solutions/react-beautiful-dnd,npm
@abenfield/react-beautiful-dnd,npm
@vazgentigranich/react-beautiful-dnd,npm
aiz-react-beautiful-dnd,npm
@atlaskit/single-select,npm
@atlaskit/multi-select,npm
@atlaskit/global-navigation,npm
@atlaskit/field-text-area,npm
@atlaskit/field-text,npm
@atlaskit/field-range,npm
@atlaskit/field-radio-group,npm
@atlaskit/atlassian-switcher-test-utils,npm
@zhennann/prosemirror-utils,npm
editor-extension-dropbox,npm
editor-core-func,npm
@atlaskit/global-search,npm
@atlaskit/atlassian-switcher-vanilla,npm
@atlaskit/atlassian-switcher,npm
@bobojio/prosemirror-utils,npm
@gethigher/react-beautiful-dnd,npm
samf-custom-react-beautiful-dnd,npm
@atlaskit/branch-installer,npm
@atlassian/esbuild-wrm-plugin,npm
extract-react-types-loader,npm
@atlaskit/dragonfruit-components,npm
@jan-frei/atlassian-connect-express,npm
express-asap,npm
@atlaskit/charts,npm
@atlassian-partner-engineering/atlassian-html-to-gmail,npm
amd-conversion-analyser,npm
oas3-chow-chow-async,npm
@atlassian/tipsy,npm
@atlassian/eslint-plugin-aui-deprecation,npm
@atlassian/clientside-extensions-custom-elements,npm
atlassian-soy-cli,npm
@qzsoftware/react-beautiful-dnd,npm
@zitao/ajv7-errors,npm
@zitao/better-ajv7-errors,npm
@zitao/better-ajv7-errors-,npm
@atlassian/eslint-config-atlassian-fecq,npm
treelab-dnd,npm
kind2string,npm
@atlaskit/nps,npm
@atlassian/post-upgrade-landing-page,npm
@atlaskit/router,npm
@atlaskit/size-detector,npm
@atlaskit/layer-manager,npm
aligned-rbd,npm
@mog3n/react-beautiful-dnd,npm
@atlassian-partner-engineering/bitbucket-html-to-slack,npm
react-beautiful-dnd-suivi,npm
suivi-beautiful-dnd-with-custom-payload,npm
react-beautiful-dnd-with-custom-payload,npm
@atlassianlabs/jql-basic-mode,npm
@atlaskit/analytics-next-stable-react-context,npm
@atlaskit/i18n-tools,npm
react-beautiful-dnd-mouse-only,npm
@atlaskit/navigation,npm
@atlassian/aui-soy,npm
@atlaskit/polyfills,npm
cz-lerna-changelog,npm
@atlaskit/refinement-bar,npm
@vladmoroz/react-beautiful-dnd,npm
@ilp64/react-beautiful-dnd-r15,npm
cabala-react-beautiful-dnd,npm
react-beautiful-dnd-chuck-wu-private-1,npm
react-beautiful-dnd-used-private-1,npm
react-beautiful-dnd-used-for-cabala,npm
better-ajv-errors-lxwang2,npm
@pajn/react-beautiful-dnd,npm
@atlassian/json-ld-types,npm
@ajay-testing/forge-cli,npm
@atlaskit/branch-deploy-product-integrator,npm
@atlaskit/type-helpers,npm
@atlaskit/build-utils,npm
@atlassianlabs/moo-relexed,npm
react-beautiful-dnd-chuck-wu-private,npm
@kalamazoo/feedback-collector,npm
@kalamazoo/pubsub,npm
@kalamazoo/synchrony-test-helpers,npm
@kalamazoo/editor-test-helpers,npm
@ajay-testing/cli,npm
@blocks/react-beautiful-dnd,npm
@qianba/react-beautiful-dnd,npm
jira-metaui-transformer,npm
testing-cli-forge,npm
eslint-plugin-tangerine,npm
testing-cli-ajay-test,npm
@narenbhojan/atlassian-connect-express,npm
@bertero/lerna-semantic-release,npm
@atlassianlabs/guipi-controller,npm
@atlaskit/media-store,npm
aui-react,npm
react-beautiful-dnd-next,npm
@rocketseat/cz-rocketseat-changelog,npm
@rocketseat/cz-lerna-changelog,npm
@atlaskit/build-releases,npm
@atlaskit/nachos-textfield,npm
stricter-plugin-tangerine,npm
@atlassian/terminal-dispatch-state,npm
@atlaskit/app-navigation,npm
@o/react-beautiful-dnd,npm
@atlassian/aux-rollup-config,npm
@atlassian/forge-ui,npm
@atlassian/babel-plugin-transform-aux,npm
@atlassian/forge-ui-types,npm
@atlaskit/editor-test-helpers,npm
@atlaskit/elements-test-helpers,npm
@atlaskit/measure,npm
react-beautiful-dnd-short-press,npm
less-plugin-inline-svg,npm
@atlassian/bitbucket-server,npm
@atlassian/atlassian-soy-loader,npm
karma-parable-preprocessor,npm
gulp-parable,npm
parable,npm
@atlaskit/help-panel,npm
dnd-no-auto-scroll,npm
@atlaskit/beautiful-insights,npm
@atlaskit/analytics-next-types,npm
onpoint-react-beautiful-dnd,npm
marcos-avatar,npm
snaphy-beautiful-dnd,npm
@atlaskit/util-shared-styles,npm
@atlassian/jira,npm
fancy-file-input,npm
react-beautiful-dnd-xlx,npm
httplease-cache,npm
@atlaskit/app-switcher,npm
@atlassian/aui-template,npm
react-beautiful-dnd-iframe,npm
copyable-react-beautiful-dnd,npm
asap-cli,npm
@atlassian/connect-module-core,npm
@atlassian/aui-webpack-config,npm
stride-node-client,npm
@huygn/react-beautiful-dnd,npm
@atlassian/backbone-brace,npm
alpha-cz-1,npm
alpha-cz,npm
@atlaskit/xflow,npm
@atlaskit/util-readme,npm
@atlaskit/util-component-template,npm
react-beautiful-dnd-on-cursor,npm
babel-plugin-transform-es2015-modules-amd-lazy,npm
@atlaskit/activity,npm
hubot-stride,npm
@atlassian/pubsub,npm
@antonandirene/react-beautiful-dnd,npm
@atlaskit/editor-cq,npm
@atlaskit/editor-jira,npm
@atlaskit/editor-bitbucket,npm
@atlaskit/editor-cq-transformer,npm
@atlaskit/button-group,npm
eslint-config-atlassian,npm
babel-preset-atlassian,npm
sandy,npm
@atlaskit/karma-config,npm
@atlaskit/editor-hipchat,npm
react-beautiful-dnd-temparary-old-version,npm
@atlaskit/privacy-safe,npm
@atlaskit/eslint-config-base,npm
@atlaskit/atlaskit-registry,npm
@atlaskit/util-common,npm
@atlaskit/util-common-test,npm
@atlaskit/util-cz-atlaskit-changelog,npm
@atlaskit/lerna,npm
@atlaskit/util-component-ts-template,npm
@atlaskit/eslint-config-tests,npm
@atlaskit/eslint-config-stories,npm
atlassian-connect-express-hipchat,npm
panop-plugin-js-stats,npm
panop-plugin-css-stats,npm
panop,npm
@atlaskit/header,npm
lerna-semantic-release-analyze-commits,npm
lerna-semantic-release,npm
lerna-semantic-release-perform,npm
atlassian-connect-express-redis,npm
@atlaskit/droplist-item,npm
@atlaskit/util-dmd-plugin,npm
@atlaskit/droplist-trigger,npm
@atlaskit/droplist-group,npm
lerna-semantic-release-post,npm
lerna-semantic-release-io,npm
lerna-semantic-release-utils,npm
panop-plugin-npm-info,npm
panop-plugin-pkg-json-info,npm
ak-page,npm
ak-editor-core,npm
ak-single-select,npm
lerna-semantic-release-pre,npm
ak-editor-shared-styles,npm
ak-editor-jira,npm
ak-editor-hipchat,npm
ak-editor-cq,npm
ak-editor-bitbucket,npm
ak-dropdown-menu,npm
ak-profilecard,npm
ak-navigation,npm
ak-badge,npm
ak-flag,npm
ak-emoji,npm
karma-bamboo,npm
ak-button,npm
akutil-shared-styles,npm
akutil-component-template,npm
ak-modal-dialog,npm
ak-layer,npm
ak-blanket,npm
akutil-readme,npm
ak-droplist,npm
ak-droplist-item,npm
eslint-config-ak-tests,npm
eslint-config-ak-base,npm
ak-inline-message,npm
ak-button-group,npm
ak-icon,npm
ak-spinner,npm
akutil-react,npm
ak-droplist-trigger,npm
ak-droplist-group,npm
ak-comment,npm
redis-dump-restore,npm
ak-inline-edit,npm
ak-banner,npm
ak-mention,npm
ak-inline-dialog,npm
ak-toggle,npm
ak-css-reset,npm
ak-field-base,npm
ak-tag-group,npm
ak-input,npm
ak-field-text,npm
ak-field-radio-group,npm
ak-breadcrumbs,npm
ak-tooltip,npm
ak-tag,npm
ak-lozenge,npm
ak-calendar,npm
ak-avatar,npm
ak-editor-plugin-markdown-inputrules,npm
ak-editor-prosemirror,npm
ak-editor-ui,npm
ak-editor-plugin-image-upload,npm
ak-editor-test,npm
ak-editor-schema,npm
ak-editor-plugin-text-formatting,npm
ak-editor-plugin-mentions,npm
ak-editor-plugin-lists,npm
ak-editor-plugin-hyperlink,npm
ak-editor-plugin-block-type,npm
@princed/cz-lerna-changelog,npm
ak-tabs,npm
akutil-cz-atlaskit-changelog,npm
ak-editor-toolbar,npm
ak-editor-toolbar-feedback,npm
ak-editor-popup,npm
ak-editor-popup-text-input,npm
ak-editor-hyperlink-edit,npm
pf-mention,npm
ak-field-validator,npm
akutil-polyfills,npm
pf-profilecard,npm
akutil-common-test,npm
akutil-common,npm
ak-editor-toolbar-text-formatting,npm
ak-editor-toolbar-lists,npm
ak-editor-toolbar-hyperlink,npm
ak-editor-toolbar-block-type,npm
ak-editor-footer,npm
ak-editor-content,npm
ak-editor-button-link,npm
ak-editor-button,npm
ak-dropdown,npm
ak-theme,npm
ak-component-base,npm
eslint-config-ak-stories,npm
eslint-config-ak-cucumber,npm
akutil-dmd-plugin,npm
akutil-cucumber,npm
ak-editor-icon,npm
jonelson-tmp-page,npm
jonelson-tmp-navigation,npm
bitbucket-connect,npm
@atlassian/prebake-distributor-runner,npm
@halkeye/atlassian-connect-express-redis,npm
lerna-semantic-release-get-last-release,npm
atlassian-prosemirror-type-definitions,npm
atlassian-tether,npm
@atlassian/gremlins.js,npm
@atlassian/tether,npm
ak-dmd-plugin,npm
s3-batch-change-cache-control,npm
lerna-semantic-release-main,npm
ac-koa-hipchat,npm
semantic-release-lerna-analyzer,npm
@atlassian/confluence-web-components,npm
atlassian-connect-validator,npm
ajsfmt,npm
atlasboard-atlassian-package,npm
@atlassian/eslint-config-atlassian-style-guide,npm
shipit32123,npm
karma-winston-reporter,npm
@samcday/confstats-ace-fork,npm
ac-koa-hipchat-keenio,npm
ac-koa-hipchat-notifier,npm
generator-atlassian-connect,npm
feebs,npm
feebs-cli